[{"model": "admin.logentry", "pk": 1, "fields": {"action_time": "2025-11-25T07:13:25.938Z", "user": 1, "content_type": 7, "object_id": "11", "object_repr": "Sam (2004-09-21)", "action_flag": 1, "change_message": "[{\"added\": {}}]"}}, {"model": "admin.logentry", "pk": 2, "fields": {"action_time": "2025-11-25T07:14:35.009Z", "user": 1, "content_type": 9, "object_id": "4", "object_repr": "Literature course", "action_flag": 1, "change_message": "[{\"added\": {}}]"}}, {"model": "admin.logentry", "pk": 3, "fields": {"action_time": "2025-11-25T07:15:28.816Z", "user": 1, "content_type": 8, "object_id": "3", "object_repr": "Olga (Literature teacher)", "action_flag": 1, "change_message": "[{\"added\": {}}]"}}, {"model": "admin.logentry", "pk": 4, "fields": {"action_time": "2025-11-25T07:15:41.518Z", "user": 1, "content_type": 8, "object_id": "3", "object_repr": "Miss Olga (Literature teacher)", "action_flag": 2, "change_message": "[{\"changed\": {\"fields\": [\"Name\"]}}]"}}, {"model": "admin.logentry", "pk": 5, "fields": {"action_time": "2025-11-25T07:15:51.563Z", "user": 1, "content_type": 9, "object_id": "4", "object_repr": "Literature course", "action_flag": 2, "change_message": "[{\"changed\": {\"fields\": [\"Teacher\"]}}]"}}, {"model": "admin.logentry", "pk": 6, "fields": {"action_time": "2025-11-25T09:12:20.747Z", "user": 1, "content_type": 3, "object_id": "1", "object_repr": "Students", "action_flag": 1, "change_message": "[{\"added\": {}}]"}}, {"model": "admin.logentry", "pk": 7, "fields": {"action_time": "2025-11-25T09:13:39.212Z", "user": 1, "content_type": 3, "object_id": "2", "object_repr": "Staff", "action_flag": 1, "change_message": "[{\"added\": {}}]"}}, {"model": "admin.logentry", "pk": 8, "fields": {"action_time": "2025-11-25T11:01:38.941Z", "user": 1, "content_type": 3, "object_id": "3", "object_repr": "Teachers", "action_flag": 1, "change_message": "[{\"added\": {}}]"}}, {"model": "admin.logentry", "pk": 9, "fields": {"action_time": "2025-11-25T13:07:14.714Z", "user": 1, "content_type": 4, "object_id": "2", "object_repr": "Olga", "action_flag": 2, "change_message": "[]"}}, {"model": "admin.logentry", "pk": 10, "fields": {"action_time": "2025-11-25T16:59:35.735Z", "user": 1, "content_type": 3, "object_id": "2", "object_repr": "Staff", "action_flag": 2, "change_message": "[{\"changed\": {\"fields\": [\"Permissions\"]}}]"}}, {"model": "admin.logentry", "pk": 11, "fields": {"action_time": "2025-11-25T17:02:03.706Z", "user": 1, "content_type": 3, "object_id": "1", "object_repr": "Students", "action_flag": 2, "change_message": "[{\"changed\": {\"fields\": [\"Permissions\"]}}]"}}, {"model": "admin.logentry", "pk": 12, "fields": {"action_time": "2025-11-25T17:03:03.281Z", "user": 1, "content_type": 3, "object_id": "3", "object_repr": "Teachers", "action_flag": 2, "change_message": "[{\"changed\": {\"fields\": [\"Permissions\"]}}]"}}, {"model": "admin.logentry", "pk": 13, "fields": {"action_time": "2025-11-25T17:03:36.434Z", "user": 1, "content_type": 4, "object_id": "2", "object_repr": "Olga", "action_flag": 2, "change_message": "[{\"changed\": {\"fields\": [\"Groups\"]}}]"}}, {"model": "admin.logentry", "pk": 14, "fields": {"action_time": "2025-11-25T17:43:41.068Z", "user": 1, "content_type": 4, "object_id": "3", "object_repr": "SofiK06", "action_flag": 1, "change_message": "[{\"added\": {}}]"}}, {"model": "admin.logentry", "pk": 15, "fields": {"action_time": "2025-11-25T17:48:57.303Z", "user": 1, "content_type": 4, "object_id": "3", "object_repr": "SofiK06", "action_flag": 2, "change_message": "[{\"changed\": {\"fields\": [\"Groups\", \"Last login\", \"Date joined\"]}}]"}}, {"model": "admin.logentry", "pk": 16, "fields": {"action_time": "2025-11-25T17:49:50.528Z", "user": 1, "content_type": 8, "object_id": "3", "object_repr": "Miss Olga (Literature teacher)", "action_flag": 2, "change_message": "[{\"changed\": {\"fields\": [\"User\"]}}]"}}, {"model": "admin.logentry", "pk": 17, "fields": {"action_time": "2025-11-25T17:50:10.176Z", "user": 1, "content_type": 8, "object_id": "1", "object_repr": "Miss Sofi (Chemistry teacher)", "action_flag": 2, "change_message": "[{\"changed\": {\"fields\": [\"User\"]}}]"}}, {"model": "admin.logentry", "pk": 18, "fields": {"action_time": "2025-11-25T17:50:37.917Z", "user": 1, "content_type": 4, "object_id": "4", "object_repr": "KateSo", "action_flag": 1, "change_message": "[{\"added\": {}}]"}}, {"model": "admin.logentry", "pk": 19, "fields": {"action_time": "2025-11-25T17:50:50.628Z", "user": 1, "content_type": 8, "object_id": "2", "object_repr": "Miss Ekaterina (IT teacher)", "action_flag": 2, "change_message": "[{\"changed\": {\"fields\": [\"User\"]}}]"}}, {"model": "admin.logentry", "pk": 20, "fields": {"action_time": "2025-11-25T18:38:01.848Z", "user": 1, "content_type": 4, "object_id": "5", "object_repr": "DustyBun", "action_flag": 1, "change_message": "[{\"added\": {}}]"}}, {"model": "admin.logentry", "pk": 21, "fields": {"action_time": "2025-11-25T18:38:23.836Z", "user": 1, "content_type": 4, "object_id": "5", "object_repr": "DustyBun", "action_flag": 2, "change_message": "[{\"changed\": {\"fields\": [\"Groups\"]}}]"}}, {"model": "admin.logentry", "pk": 22, "fields": {"action_time": "2025-11-25T18:38:36.696Z", "user": 1, "content_type": 7, "object_id": "10", "object_repr": "Dustin Henderson (1997-07-23)", "action_flag": 2, "change_message": "[{\"changed\": {\"fields\": [\"User\"]}}]"}}, {"model": "admin.logentry", "pk": 23, "fields": {"action_time": "2025-11-25T18:54:11.190Z", "user": 1, "content_type": 7, "object_id": "10", "object_repr": "Dustin Henderson (1997-07-23)", "action_flag": 2, "change_message": "[]"}}, {"model": "admin.logentry", "pk": 24, "fields": {"action_time": "2025-11-25T18:54:40.000Z", "user": 1, "content_type": 3, "object_id": "1", "object_repr": "Students", "action_flag": 2, "change_message": "[]"}}, {"model": "admin.logentry", "pk": 25, "fields": {"action_time": "2025-11-25T19:00:02.355Z", "user": 1, "content_type": 3, "object_id": "3", "object_repr": "Teachers", "action_flag": 2, "change_message": "[]"}}, {"model": "admin.logentry", "pk": 26, "fields": {"action_time": "2025-11-25T19:00:23.019Z", "user": 1, "content_type": 4, "object_id": "5", "object_repr": "DustyBun", "action_flag": 2, "change_message": "[]"}}, {"model": "admin.logentry", "pk": 27, "fields": {"action_time": "2025-11-25T19:00:32.027Z", "user": 1, "content_type": 4, "object_id": "4", "object_repr": "KateSo", "action_flag": 2, "change_message": "[{\"changed\": {\"fields\": [\"Groups\"]}}]"}}, {"model": "admin.logentry", "pk": 28, "fields": {"action_time": "2025-11-25T19:00:37.875Z", "user": 1, "content_type": 4, "object_id": "2", "object_repr": "Olga", "action_flag": 2, "change_message": "[]"}}, {"model": "admin.logentry", "pk": 29, "fields": {"action_time": "2025-11-25T19:00:51.040Z", "user": 1, "content_type": 4, "object_id": "3", "object_repr": "SofiK06", "action_flag": 2, "change_message": "[]"}}, {"model": "admin.logentry", "pk": 30, "fields": {"action_time": "2025-11-29T16:11:54.819Z", "user": 1, "content_type": 3, "object_id": "1", "object_repr": "Students", "action_flag": 2, "change_message": "[{\"changed\": {\"fields\": [\"Permissions\"]}}]"}}, {"model": "admin.logentry", "pk": 31, "fields": {"action_time": "2025-11-29T16:14:35.869Z", "user": 1, "content_type": 3, "object_id": "3", "object_repr": "Teachers", "action_flag": 2, "change_message": "[{\"changed\": {\"fields\": [\"Permissions\"]}}]"}}, {"model": "admin.logentry", "pk": 32, "fields": {"action_time": "2025-11-29T19:03:13.217Z", "user": 1, "content_type": 4, "object_id": "6", "object_repr": "WByers", "action_flag": 1, "change_message": "[{\"added\": {}}]"}}, {"model": "admin.logentry", "pk": 33, "fields": {"action_time": "2025-11-29T19:03:26.036Z", "user": 1, "content_type": 4, "object_id": "6", "object_repr": "WByers", "action_flag": 2, "change_message": "[{\"changed\": {\"fields\": [\"Groups\"]}}]"}}, {"model": "admin.logentry", "pk": 34, "fields": {"action_time": "2025-11-29T19:05:07.777Z", "user": 1, "content_type": 4, "object_id": "7", "object_repr": "MWheeler", "action_flag": 1, "change_message": "[{\"added\": {}}]"}}, {"model": "admin.logentry", "pk": 35, "fields": {"action_time": "2025-11-29T19:05:15.470Z", "user": 1, "content_type": 4, "object_id": "7", "object_repr": "MWheeler", "action_flag": 2, "change_message": "[{\"changed\": {\"fields\": [\"Groups\"]}}]"}}, {"model": "admin.logentry", "pk": 36, "fields": {"action_time": "2025-11-29T19:06:01.566Z", "user": 1, "content_type": 4, "object_id": "8", "object_repr": "LSinclaire", "action_flag": 1, "change_message": "[{\"added\": {}}]"}}, {"model": "admin.logentry", "pk": 37, "fields": {"action_time": "2025-11-29T19:06:08.193Z", "user": 1, "content_type": 4, "object_id": "8", "object_repr": "LSinclaire", "action_flag": 2, "change_message": "[{\"changed\": {\"fields\": [\"Groups\"]}}]"}}, {"model": "admin.logentry", "pk": 38, "fields": {"action_time": "2025-11-29T21:08:32.253Z", "user": 1, "content_type": 7, "object_id": "9", "object_repr": "Will Byers (1997-05-05)", "action_flag": 2, "change_message": "[{\"changed\": {\"fields\": [\"User\"]}}]"}}, {"model": "admin.logentry", "pk": 39, "fields": {"action_time": "2025-11-29T21:08:52.406Z", "user": 1, "content_type": 7, "object_id": "10", "object_repr": "Dustin Henderson (1997-07-23)", "action_flag": 2, "change_message": "[]"}}, {"model": "admin.logentry", "pk": 40, "fields": {"action_time": "2025-11-29T21:08:57.481Z", "user": 1, "content_type": 7, "object_id": "5", "object_repr": "Lucas Sinclaire (2004-09-21)", "action_flag": 2, "change_message": "[{\"changed\": {\"fields\": [\"User\"]}}]"}}, {"model": "admin.logentry", "pk": 41, "fields": {"action_time": "2025-11-29T21:09:06.249Z", "user": 1, "content_type": 7, "object_id": "9", "object_repr": "Will Byers (1997-05-05)", "action_flag": 2, "change_message": "[{\"changed\": {\"fields\": [\"User\"]}}]"}}, {"model": "admin.logentry", "pk": 42, "fields": {"action_time": "2025-11-29T21:09:12.315Z", "user": 1, "content_type": 7, "object_id": "8", "object_repr": "Mike Wheeler (1995-01-01)", "action_flag": 2, "change_message": "[{\"changed\": {\"fields\": [\"User\"]}}]"}}, {"model": "admin.logentry", "pk": 43, "fields": {"action_time": "2025-11-30T07:24:02.857Z", "user": 1, "content_type": 3, "object_id": "2", "object_repr": "Staff", "action_flag": 3, "change_message": ""}}, {"model": "admin.logentry", "pk": 44, "fields": {"action_time": "2025-11-30T07:26:03.716Z", "user": 1, "content_type": 4, "object_id": "1", "object_repr": "00017636", "action_flag": 2, "change_message": "[]"}}, {"model": "admin.logentry", "pk": 45, "fields": {"action_time": "2025-11-30T07:36:11.130Z", "user": 1, "content_type": 3, "object_id": "4", "object_repr": "Staff", "action_flag": 1, "change_message": "[{\"added\": {}}]"}}, {"model": "admin.logentry", "pk": 46, "fields": {"action_time": "2025-11-30T07:36:34.352Z", "user": 1, "content_type": 4, "object_id": "1", "object_repr": "00017636", "action_flag": 2, "change_message": "[{\"changed\": {\"fields\": [\"Groups\"]}}]"}}, {"model": "admin.logentry", "pk": 47, "fields": {"action_time": "2025-11-30T07:45:06.837Z", "user": 1, "content_type": 4, "object_id": "10", "object_repr": "Staff1", "action_flag": 1, "change_message": "[{\"added\": {}}]"}}, {"model": "admin.logentry", "pk": 48, "fields": {"action_time": "2025-11-30T07:45:23.941Z", "user": 1, "content_type": 4, "object_id": "10", "object_repr": "Staff1", "action_flag": 2, "change_message": "[{\"changed\": {\"fields\": [\"Staff status\", \"Groups\"]}}]"}}, {"model": "admin.logentry", "pk": 49, "fields": {"action_time": "2025-11-30T07:48:14.293Z", "user": 1, "content_type": 3, "object_id": "4", "object_repr": "Staff", "action_flag": 3, "change_message": ""}}, {"model": "admin.logentry", "pk": 50, "fields": {"action_time": "2025-11-30T07:48:36.191Z", "user": 1, "content_type": 4, "object_id": "1", "object_repr": "00017636", "action_flag": 2, "change_message": "[]"}}, {"model": "auth.permission", "pk": 1, "fields": {"name": "Can add log entry", "content_type": 1, "codename": "add_logentry"}}, {"model": "auth.permission", "pk": 2, "fields": {"name": "Can change log entry", "content_type": 1, "codename": "change_logentry"}}, {"model": "auth.permission", "pk": 3, "fields": {"name": "Can delete log entry", "content_type": 1, "codename": "delete_logentry"}}, {"model": "auth.permission", "pk": 4, "fields": {"name": "Can view log entry", "content_type": 1, "codename": "view_logentry"}}, {"model": "auth.permission", "pk": 5, "fields": {"name": "Can add permission", "content_type": 2, "codename": "add_permission"}}, {"model": "auth.permission", "pk": 6, "fields": {"name": "Can change permission", "content_type": 2, "codename": "change_permission"}}, {"model": "auth.permission", "pk": 7, "fields": {"name": "Can delete permission", "content_type": 2, "codename": "delete_permission"}}, {"model": "auth.permission", "pk": 8, "fields": {"name": "Can view permission", "content_type": 2, "codename": "view_permission"}}, {"model": "auth.permission", "pk": 9, "fields": {"name": "Can add group", "content_type": 3, "codename": "add_group"}}, {"model": "auth.permission", "pk": 10, "fields": {"name": "Can change group", "content_type": 3, "codename": "change_group"}}, {"model": "auth.permission", "pk": 11, "fields": {"name": "Can delete group", "content_type": 3, "codename": "delete_group"}}, {"model": "auth.permission", "pk": 12, "fields": {"name": "Can view group", "content_type": 3, "codename": "view_group"}}, {"model": "auth.permission", "pk": 13, "fields": {"name": "Can add user", "content_type": 4, "codename": "add_user"}}, {"model": "auth.permission", "pk": 14, "fields": {"name": "Can change user", "content_type": 4, "codename": "change_user"}}, {"model": "auth.permission", "pk": 15, "fields": {"name": "Can delete user", "content_type": 4, "codename": "delete_user"}}, {"model": "auth.permission", "pk": 16, "fields": {"name": "Can view user", "content_type": 4, "codename": "view_user"}}, {"model": "auth.permission", "pk": 17, "fields": {"name": "Can add content type", "content_type": 5, "codename": "add_contenttype"}}, {"model": "auth.permission", "pk": 18, "fields": {"name": "Can change content type", "content_type": 5, "codename": "change_contenttype"}}, {"model": "auth.permission", "pk": 19, "fields": {"name": "Can delete content type", "content_type": 5, "codename": "delete_contenttype"}}, {"model": "auth.permission", "pk": 20, "fields": {"name": "Can view content type", "content_type": 5, "codename": "view_contenttype"}}, {"model": "auth.permission", "pk": 21, "fields": {"name": "Can add session", "content_type": 6, "codename": "add_session"}}, {"model": "auth.permission", "pk": 22, "fields": {"name": "Can change session", "content_type": 6, "codename": "change_session"}}, {"model": "auth.permission", "pk": 23, "fields": {"name": "Can delete session", "content_type": 6, "codename": "delete_session"}}, {"model": "auth.permission", "pk": 24, "fields": {"name": "Can view session", "content_type": 6, "codename": "view_session"}}, {"model": "auth.permission", "pk": 25, "fields": {"name": "Can add student", "content_type": 7, "codename": "add_student"}}, {"model": "auth.permission", "pk": 26, "fields": {"name": "Can change student", "content_type": 7, "codename": "change_student"}}, {"model": "auth.permission", "pk": 27, "fields": {"name": "Can delete student", "content_type": 7, "codename": "delete_student"}}, {"model": "auth.permission", "pk": 28, "fields": {"name": "Can view student", "content_type": 7, "codename": "view_student"}}, {"model": "auth.permission", "pk": 29, "fields": {"name": "Can add teacher", "content_type": 8, "codename": "add_teacher"}}, {"model": "auth.permission", "pk": 30, "fields": {"name": "Can change teacher", "content_type": 8, "codename": "change_teacher"}}, {"model": "auth.permission", "pk": 31, "fields": {"name": "Can delete teacher", "content_type": 8, "codename": "delete_teacher"}}, {"model": "auth.permission", "pk": 32, "fields": {"name": "Can view teacher", "content_type": 8, "codename": "view_teacher"}}, {"model": "auth.permission", "pk": 33, "fields": {"name": "Can add course", "content_type": 9, "codename": "add_course"}}, {"model": "auth.permission", "pk": 34, "fields": {"name": "Can change course", "content_type": 9, "codename": "change_course"}}, {"model": "auth.permission", "pk": 35, "fields": {"name": "Can delete course", "content_type": 9, "codename": "delete_course"}}, {"model": "auth.permission", "pk": 36, "fields": {"name": "Can view course", "content_type": 9, "codename": "view_course"}}, {"model": "auth.permission", "pk": 37, "fields": {"name": "Can add enrollment", "content_type": 10, "codename": "add_enrollment"}}, {"model": "auth.permission", "pk": 38, "fields": {"name": "Can change enrollment", "content_type": 10, "codename": "change_enrollment"}}, {"model": "auth.permission", "pk": 39, "fields": {"name": "Can delete enrollment", "content_type": 10, "codename": "delete_enrollment"}}, {"model": "auth.permission", "pk": 40, "fields": {"name": "Can view enrollment", "content_type": 10, "codename": "view_enrollment"}}, {"model": "auth.permission", "pk": 41, "fields": {"name": "Can add attendance", "content_type": 11, "codename": "add_attendance"}}, {"model": "auth.permission", "pk": 42, "fields": {"name": "Can change attendance", "content_type": 11, "codename": "change_attendance"}}, {"model": "auth.permission", "pk": 43, "fields": {"name": "Can delete attendance", "content_type": 11, "codename": "delete_attendance"}}, {"model": "auth.permission", "pk": 44, "fields": {"name": "Can view attendance", "content_type": 11, "codename": "view_attendance"}}, {"model": "auth.permission", "pk": 45, "fields": {"name": "Can add homework", "content_type": 12, "codename": "add_homework"}}, {"model": "auth.permission", "pk": 46, "fields": {"name": "Can change homework", "content_type": 12, "codename": "change_homework"}}, {"model": "auth.permission", "pk": 47, "fields": {"name": "Can delete homework", "content_type": 12, "codename": "delete_homework"}}, {"model": "auth.permission", "pk": 48, "fields": {"name": "Can view homework", "content_type": 12, "codename": "view_homework"}}, {"model": "auth.permission", "pk": 49, "fields": {"name": "Can add submitted_ homework", "content_type": 13, "codename": "add_submitted_homework"}}, {"model": "auth.permission", "pk": 50, "fields": {"name": "Can change submitted_ homework", "content_type": 13, "codename": "change_submitted_homework"}}, {"model": "auth.permission", "pk": 51, "fields": {"name": "Can delete submitted_ homework", "content_type": 13, "codename": "delete_submitted_homework"}}, {"model": "auth.permission", "pk": 52, "fields": {"name": "Can view submitted_ homework", "content_type": 13, "codename": "view_submitted_homework"}}, {"model": "auth.permission", "pk": 53, "fields": {"name": "Can add submitted homework", "content_type": 13, "codename": "add_submittedhomework"}}, {"model": "auth.permission", "pk": 54, "fields": {"name": "Can change submitted homework", "content_type": 13, "codename": "change_submittedhomework"}}, {"model": "auth.permission", "pk": 55, "fields": {"name": "Can delete submitted homework", "content_type": 13, "codename": "delete_submittedhomework"}}, {"model": "auth.permission", "pk": 56, "fields": {"name": "Can view submitted homework", "content_type": 13, "codename": "view_submittedhomework"}}, {"model": "auth.group", "pk": 1, "fields": {"name": "Students", "permissions": [44, 36, 48, 26, 49, 53, 51, 55, 52, 56]}}, {"model": "auth.group", "pk": 3, "fields": {"name": "Teachers", "permissions": [41, 42, 43, 44, 36, 40, 45, 46, 47, 48, 49, 53, 50, 54, 51, 55, 52, 56, 30]}}, {"model": "auth.user", "pk": 1, "fields": {"password": "pbkdf2_sha256$1000000$RjyKiQexYDE62D1ATMFQKh$ykPMWE1wZnI+wuROgRSbrfaBBljs2pn4MFuyRaNk0/E=", "last_login": "2025-12-01T14:16:40.112Z", "is_superuser": true, "username": "00017636", "first_name": "", "last_name": "", "email": "baalcrush@gmail.com", "is_staff": true, "is_active": true, "date_joined": "2025-11-25T07:00:45Z", "groups": [], "user_permissions": []}}, {"model": "auth.user", "pk": 2, "fields": {"password": "pbkdf2_sha256$1000000$QfCNYQJDm2w06NM5Nl7uoe$+2gSZHYmQwqSBVuP0S3yZtl3lSMJ5DPDW2pHPUzsmh4=", "last_login": "2025-11-30T13:52:23.874Z", "is_superuser": false, "username": "Olga", "first_name": "", "last_name": "", "email": "", "is_staff": false, "is_active": true, "date_joined": "2025-11-25T13:01:35Z", "groups": [3], "user_permissions": []}}, {"model": "auth.user", "pk": 3, "fields": {"password": "pbkdf2_sha256$1000000$YsKsGKvbuOPlm4SbRAPKPZ$KnvgnaXKIpaWEACYc0OYHoxsYzJ8qkhLUwmW1oITEvI=", "last_login": "2025-12-01T14:29:06.849Z", "is_superuser": false, "username": "SofiK06", "first_name": "", "last_name": "", "email": "", "is_staff": false, "is_active": true, "date_joined": "2025-11-25T17:44:22Z", "groups": [3], "user_permissions": []}}, {"model": "auth.user", "pk": 4, "fields": {"password": "pbkdf2_sha256$1000000$pTDdv4jXgWIpcUVD2tvg7u$6gWJYu1/SBl+51Yf12slD3O3bPH46Rt2tWSzMxv+ynQ=", "last_login": null, "is_superuser": false, "username": "KateSo", "first_name": "", "last_name": "", "email": "", "is_staff": false, "is_active": true, "date_joined": "2025-11-25T17:50:36Z", "groups": [3], "user_permissions": []}}, {"model": "auth.user", "pk": 5, "fields": {"password": "pbkdf2_sha256$1000000$DIlTAplglJ01fQJGpQKjEq$qSNRJdMLblbeMhaz3zY+NqWiqjPZ4y1Nt6738G2sjy8=", "last_login": "2025-12-01T14:16:00.741Z", "is_superuser": false, "username": "DustyBun", "first_name": "", "last_name": "", "email": "", "is_staff": false, "is_active": true, "date_joined": "2025-11-25T18:38:00Z", "groups": [1], "user_permissions": []}}, {"model": "auth.user", "pk": 6, "fields": {"password": "pbkdf2_sha256$1000000$L5aejHe6lypg6eJknxqQ4h$lEYfJe+i+VNywUn8ciJHVVTVum1ZtrI0vZC7WR1o6So=", "last_login": "2025-11-29T22:02:52.873Z", "is_superuser": false, "username": "WByers", "first_name": "", "last_name": "", "email": "", "is_staff": false, "is_active": true, "date_joined": "2025-11-29T19:03:11Z", "groups": [1], "user_permissions": []}}, {"model": "auth.user", "pk": 7, "fields": {"password": "pbkdf2_sha256$1000000$pRJLKAtcggTN7qiXDlyv3J$CTbsLBinE7shOUxBdFcoqxqyXPsjwnBz2WcQtt2vgJc=", "last_login": "2025-11-29T21:10:04.499Z", "is_superuser": false, "username": "MWheeler", "first_name": "", "last_name": "", "email": "", "is_staff": false, "is_active": true, "date_joined": "2025-11-29T19:05:06Z", "groups": [1], "user_permissions": []}}, {"model": "auth.user", "pk": 8, "fields": {"password": "pbkdf2_sha256$1000000$ibGDH8yNQNH3xdCWaiRhfg$hKJKDlFX4SJ7VKe8yBoVvnki7eChFL9QQhtAAdhTrHI=", "last_login": "2025-11-29T22:03:15.843Z", "is_superuser": false, "username": "LSinclaire", "first_name": "", "last_name": "", "email": "", "is_staff": false, "is_active": true, "date_joined": "2025-11-29T19:06:00Z", "groups": [1], "user_permissions": []}}, {"model": "auth.user", "pk": 9, "fields": {"password": "pbkdf2_sha256$1000000$W6Xb5lWhrUjwGgriwx3pHn$huIuUoPOVTcF5MxKZ18GLFIwqE2i8EfbN69tWw6ptaA=", "last_login": null, "is_superuser": false, "username": "Person", "first_name": "", "last_name": "", "email": "", "is_staff": false, "is_active": false, "date_joined": "2025-11-29T19:09:31.620Z", "groups": [], "user_permissions": []}}, {"model": "auth.user", "pk": 10, "fields": {"password": "pbkdf2_sha256$1000000$5rbbUR6O61nfC6xIkJQoQw$jqMWUAdQZ9D/iYKHD5N/HixDznby6txvSzWaLBXo69w=", "last_login": null, "is_superuser": false, "username": "Staff1", "first_name": "", "last_name": "", "email": "", "is_staff": true, "is_active": true, "date_joined": "2025-11-30T07:45:06Z", "groups": [], "user_permissions": []}}, {"model": "contenttypes.contenttype", "pk": 1, "fields": {"app_label": "admin", "model": "logentry"}}, {"model": "contenttypes.contenttype", "pk": 2, "fields": {"app_label": "auth", "model": "permission"}}, {"model": "contenttypes.contenttype", "pk": 3, "fields": {"app_label": "auth", "model": "group"}}, {"model": "contenttypes.contenttype", "pk": 4, "fields": {"app_label": "auth", "model": "user"}}, {"model": "contenttypes.contenttype", "pk": 5, "fields": {"app_label": "contenttypes", "model": "contenttype"}}, {"model": "contenttypes.contenttype", "pk": 6, "fields": {"app_label": "sessions", "model": "session"}}, {"model": "contenttypes.contenttype", "pk": 7, "fields": {"app_label": "study_managing", "model": "student"}}, {"model": "contenttypes.contenttype", "pk": 8, "fields": {"app_label": "study_managing", "model": "teacher"}}, {"model": "contenttypes.contenttype", "pk": 9, "fields": {"app_label": "study_managing", "model": "course"}}, {"model": "contenttypes.contenttype", "pk": 10, "fields": {"app_label": "study_managing", "model": "enrollment"}}, {"model": "contenttypes.contenttype", "pk": 11, "fields": {"app_label": "study_managing", "model": "attendance"}}, {"model": "contenttypes.contenttype", "pk": 12, "fields": {"app_label": "study_managing", "model": "homework"}}, {"model": "contenttypes.contenttype", "pk": 13, "fields": {"app_label": "study_managing", "model": "submittedhomework"}}, {"model": "sessions.session", "pk": "f9p9vxq0ujo412v6oxd7tkl4p4akbxay", "fields": {"session_data": ".eJxVjEsOwiAUAO_C2hAopfBcuu8ZyPsUqZqSlHZlvLtp0oVuZybzVgn3raS9TWuaRV2VU5dfRsjPaTmEPHC5V8112daZ9JHo0zY9Vplet7P9GxRs5dh6QLQW2AfuHbBka4cIhsTnDk3o2UTqXAYJIh0gUAg4ZLZsIxI79fkC3lM4Mw:1vQ4tm:2zKf7x3xB17MLMBUvDt35DK5ZY1mwXvEjkH9xWxA3eM", "expire_date": "2025-12-15T14:29:06.854Z"}}, {"model": "sessions.session", "pk": "jvpobc9n1xrsqe5t7mqn7151ewn4z0ty", "fields": {"session_data": ".eJxVjDsOwjAQBe_iGln2Rv5R0nMGazde4wCypTipIu5OIqWA9s3M20TEdSlx7TzHKYmr0OLyuxGOL64HSE-sjybHVpd5Inko8qRd3lvi9-10_w4K9rLXVg_gQFuTEgYPZIA4GItZhcGB88joFFOAjAo4I3urNFgIYVeQBvH5Asp3N5s:1vNn3c:E0nTYX2Zr31FElV5vKCIwLjenZig_p6XnR3hwkVru4c", "expire_date": "2025-12-09T07:01:48.240Z"}}, {"model": "sessions.session", "pk": "pugivtfusdf8rbjn14lyvztx4mebg1wl", "fields": {"session_data": ".eJxVjDsOwjAQBe_iGln2Rv5R0nMGazde4wCypTipIu5OIqWA9s3M20TEdSlx7TzHKYmr0OLyuxGOL64HSE-sjybHVpd5Inko8qRd3lvi9-10_w4K9rLXVg_gQFuTEgYPZIA4GItZhcGB88joFFOAjAo4I3urNFgIYVeQBvH5Asp3N5s:1vPxVj:fUlGxypWTvyA6_Y2k_RMUmmTc7lXidllpno64GdjgwA", "expire_date": "2025-12-15T06:35:47.270Z"}}, {"model": "study_managing.teacher", "pk": 1, "fields": {"name": "Miss Sofi", "email": "sofiyaDr@gmail.com", "specialization": "Chemistry teacher", "phone_number": "998901234567", "bio": "Hello I am a teacher who is willing to make you like chemistry", "user": 3}}, {"model": "study_managing.teacher", "pk": 2, "fields": {"name": "Miss Ekaterina", "email": "ekaterinaTeach@gmail.com", "specialization": "IT teacher", "phone_number": "935432247", "bio": "Love IT", "user": 4}}, {"model": "study_managing.teacher", "pk": 3, "fields": {"name": "Miss Olga", "email": "OLTeacher@gmail.com", "specialization": "Literature teacher", "phone_number": "998172760530", "bio": "Hello", "user": 2}}, {"model": "study_managing.student", "pk": 5, "fields": {"name": "Lucas Sinclaire", "email": "LucasS@gmail.com", "dob": "2004-09-21", "phone_number": "998172150512", "user": 8}}, {"model": "study_managing.student", "pk": 8, "fields": {"name": "Mike Wheeler", "email": "MW232@gmail.com", "dob": "1995-01-01", "phone_number": "998951234560", "user": 7}}, {"model": "study_managing.student", "pk": 9, "fields": {"name": "Will Byers", "email": "WizardByers@gmail.com", "dob": "1997-05-05", "phone_number": "998100091010", "user": 6}}, {"model": "study_managing.student", "pk": 10, "fields": {"name": "Dustin Henderson", "email": "DustyBun@gmail.com", "dob": "1997-07-23", "phone_number": "998100032432", "user": 5}}, {"model": "study_managing.student", "pk": 11, "fields": {"name": "Sam", "email": "SamK@gmail.com", "dob": "2004-09-21", "phone_number": "998172150512", "user": null}}, {"model": "study_managing.course", "pk": 2, "fields": {"title": "IT course", "description": "Great course", "teacher": 2, "start_date": "2025-10-10", "max_students": 17}}, {"model": "study_managing.course", "pk": 3, "fields": {"title": "Chemistry Course Upper Course", "description": "This upper-level Chemistry course provides an in-depth exploration of advanced chemical concepts, building on foundational knowledge gained in earlier studies", "teacher": 1, "start_date": "2025-11-25", "max_students": 8}}, {"model": "study_managing.course", "pk": 4, "fields": {"title": "Literature course", "description": "Some literature course", "teacher": 3, "start_date": "2025-12-17", "max_students": 10}}, {"model": "study_managing.enrollment", "pk": 2, "fields": {"student": 10, "course": 4, "enrollment_date": "2025-11-25T08:42:02.178Z", "status": "enrolled"}}, {"model": "study_managing.enrollment", "pk": 3, "fields": {"student": 10, "course": 2, "enrollment_date": "2025-11-28T23:35:56.934Z", "status": "enrolled"}}, {"model": "study_managing.enrollment", "pk": 4, "fields": {"student": 8, "course": 3, "enrollment_date": "2025-11-29T19:26:08.876Z", "status": "enrolled"}}, {"model": "study_managing.enrollment", "pk": 5, "fields": {"student": 10, "course": 3, "enrollment_date": "2025-11-29T19:26:18.625Z", "status": "enrolled"}}, {"model": "study_managing.enrollment", "pk": 6, "fields": {"student": 5, "course": 3, "enrollment_date": "2025-11-29T19:26:27.728Z", "status": "enrolled"}}, {"model": "study_managing.enrollment", "pk": 7, "fields": {"student": 9, "course": 3, "enrollment_date": "2025-11-29T22:02:42.652Z", "status": "enrolled"}}, {"model": "study_managing.attendance", "pk": 2, "fields": {"enrollment": 2, "date": "2025-11-25", "isPresent": true}}, {"model": "study_managing.attendance", "pk": 3, "fields": {"enrollment": 2, "date": "2025-11-10", "isPresent": true}}, {"model": "study_managing.attendance", "pk": 4, "fields": {"enrollment": 2, "date": "2025-11-03", "isPresent": false}}, {"model": "study_managing.attendance", "pk": 5, "fields": {"enrollment": 2, "date": "2025-10-27", "isPresent": true}}, {"model": "study_managing.attendance", "pk": 6, "fields": {"enrollment": 6, "date": "2025-11-30", "isPresent": true}}, {"model": "study_managing.attendance", "pk": 8, "fields": {"enrollment": 4, "date": "2025-11-30", "isPresent": true}}, {"model": "study_managing.attendance", "pk": 9, "fields": {"enrollment": 7, "date": "2025-11-30", "isPresent": true}}, {"model": "study_managing.homework", "pk": 1, "fields": {"course": 3, "title": "first homework", "description": "Determine which compounds are electrolytes or non-electrolyts: H2SO4, NaCl, H2CO3, Sugar, H3PO4, NaOH, CH3", "submission_date": "2025-12-16T10:00:00Z"}}, {"model": "study_managing.homework", "pk": 2, "fields": {"course": 2, "title": "Variables", "description": "Practice creation of variables. Do 5-10 examples", "submission_date": "2025-11-28T03:07:00Z"}}, {"model": "study_managing.homework", "pk": 3, "fields": {"course": 4, "title": "Hw1", "description": "Hello in this homework you should write an essay about the 'Hero of our Time'. Write at least 3 pages", "submission_date": "2025-11-30T23:59:00Z"}}, {"model": "study_managing.homework", "pk": 4, "fields": {"course": 4, "title": "Hw2", "description": "Write an essay about one of Chekhov's tales", "submission_date": "2025-12-01T23:59:00Z"}}, {"model": "study_managing.homework", "pk": 5, "fields": {"course": 3, "title": "Hw on Ionic exchange reactions", "description": "Write 10 molecular and complete ionic equations for the proposed reactions. Specify the necessary reaction conditions (formation of precipitate, gas, or water).", "submission_date": "2025-12-07T23:59:00Z"}}, {"model": "study_managing.submittedhomework", "pk": 4, "fields": {"student": 8, "homework": 1, "submitted_at": "2025-11-29T21:45:31.659Z", "submitted_file": "homeworks/homeworkMikeWheeler.txt", "feedback": "Good", "grade": "pass"}}, {"model": "study_managing.submittedhomework", "pk": 6, "fields": {"student": 9, "homework": 1, "submitted_at": "2025-11-29T22:03:04.236Z", "submitted_file": "homeworks/homeworkWill.txt", "feedback": "Wow", "grade": "pass"}}, {"model": "study_managing.submittedhomework", "pk": 9, "fields": {"student": 5, "homework": 1, "submitted_at": "2025-11-29T22:59:08.785Z", "submitted_file": "homeworks/homeworkLucas_MWtes4D.txt", "feedback": "Perfect", "grade": "pass"}}, {"model": "study_managing.submittedhomework", "pk": 12, "fields": {"student": 10, "homework": 1, "submitted_at": "2025-11-29T23:40:30.164Z", "submitted_file": "homeworks/homeworkLucas_uavvvmj.txt", "feedback": "Great job", "grade": "pass"}}, {"model": "study_managing.submittedhomework", "pk": 16, "fields": {"student": 10, "homework": 5, "submitted_at": "2025-11-30T14:58:11.521Z", "submitted_file": "homeworks/HW2Dustin_41NW51C.txt", "feedback": null, "grade": null}}]
